{
    "affinity_pred_value": 1.2080025672912598,
    "affinity_probability_binary": 0.7970948219299316,
    "affinity_pred_value1": 1.0533853769302368,
    "affinity_probability_binary1": 0.9253531694412231,
    "affinity_pred_value2": 1.3626196384429932,
    "affinity_probability_binary2": 0.6688365340232849
}