{
    "confidence_score": 0.9560705423355103,
    "ptm": 0.9723230600357056,
    "iptm": 0.9826057553291321,
    "ligand_iptm": 0.9826057553291321,
    "protein_iptm": 0.0,
    "complex_plddt": 0.9494366645812988,
    "complex_iplddt": 0.8914716839790344,
    "complex_pde": 0.3524472415447235,
    "complex_ipde": 0.6657869815826416,
    "chains_ptm": {
        "0": 0.971994161605835,
        "1": 0.936873197555542
    },
    "pair_chains_iptm": {
        "0": {
            "0": 0.971994161605835,
            "1": 0.8121258020401001
        },
        "1": {
            "0": 0.9826057553291321,
            "1": 0.936873197555542
        }
    }
}