{
    "confidence_score": 0.9549094438552856,
    "ptm": 0.9711133241653442,
    "iptm": 0.98239666223526,
    "ligand_iptm": 0.98239666223526,
    "protein_iptm": 0.0,
    "complex_plddt": 0.9480376243591309,
    "complex_iplddt": 0.8867859840393066,
    "complex_pde": 0.3569193184375763,
    "complex_ipde": 0.66876220703125,
    "chains_ptm": {
        "0": 0.9706714749336243,
        "1": 0.933763325214386
    },
    "pair_chains_iptm": {
        "0": {
            "0": 0.9706714749336243,
            "1": 0.7982915043830872
        },
        "1": {
            "0": 0.98239666223526,
            "1": 0.933763325214386
        }
    }
}