{
    "confidence_score": 0.9551836848258972,
    "ptm": 0.972754180431366,
    "iptm": 0.9822551608085632,
    "ligand_iptm": 0.9822551608085632,
    "protein_iptm": 0.0,
    "complex_plddt": 0.9484158158302307,
    "complex_iplddt": 0.8873341679573059,
    "complex_pde": 0.3588978052139282,
    "complex_ipde": 0.6917704939842224,
    "chains_ptm": {
        "0": 0.9724938273429871,
        "1": 0.9332265257835388
    },
    "pair_chains_iptm": {
        "0": {
            "0": 0.9724938273429871,
            "1": 0.8015646934509277
        },
        "1": {
            "0": 0.9822551608085632,
            "1": 0.9332265257835388
        }
    }
}