{
    "confidence_score": 0.9553484320640564,
    "ptm": 0.969341516494751,
    "iptm": 0.9806491732597351,
    "ligand_iptm": 0.9806491732597351,
    "protein_iptm": 0.0,
    "complex_plddt": 0.9490231871604919,
    "complex_iplddt": 0.8888348937034607,
    "complex_pde": 0.372592955827713,
    "complex_ipde": 0.7403087019920349,
    "chains_ptm": {
        "0": 0.9690925478935242,
        "1": 0.9264411926269531
    },
    "pair_chains_iptm": {
        "0": {
            "0": 0.9690925478935242,
            "1": 0.7878670692443848
        },
        "1": {
            "0": 0.9806491732597351,
            "1": 0.9264411926269531
        }
    }
}