{
    "confidence_score": 0.9563328623771667,
    "ptm": 0.9723920226097107,
    "iptm": 0.9821768999099731,
    "ligand_iptm": 0.9821768999099731,
    "protein_iptm": 0.0,
    "complex_plddt": 0.9498718976974487,
    "complex_iplddt": 0.8922457695007324,
    "complex_pde": 0.3547471761703491,
    "complex_ipde": 0.6729527115821838,
    "chains_ptm": {
        "0": 0.9721709489822388,
        "1": 0.9332545399665833
    },
    "pair_chains_iptm": {
        "0": {
            "0": 0.9721709489822388,
            "1": 0.8054642677307129
        },
        "1": {
            "0": 0.9821768999099731,
            "1": 0.9332545399665833
        }
    }
}