confidence_score,ptm,iptm,ligand_iptm,protein_iptm,complex_plddt,complex_pde,complex_ipde,filename,pdb_filepath,pIC50 Binding Affinity,Binding Probability,model
0.9519538283348083,0.9696785807609558,0.9820157885551453,0.9820157885551453,0.0,0.9444383382797241,0.3628818094730377,0.7036670446395874,confidence_result_model_0.json,predictions/result/result_model_0.pdb,6.613321823120118,0.7993319034576416,0
0.9507595300674438,0.9697774052619934,0.9814015626907349,0.9814015626907349,0.0,0.9430989623069763,0.36623209714889526,0.712443470954895,confidence_result_model_1.json,predictions/result/result_model_1.pdb,6.613321823120118,0.7993319034576416,1
0.9505376219749451,0.9704768657684326,0.9811183214187622,0.9811183214187622,0.0,0.9428924322128296,0.3617425560951233,0.6979288458824158,confidence_result_model_2.json,predictions/result/result_model_2.pdb,6.613321823120118,0.7993319034576416,2
0.9505032896995544,0.9725499153137207,0.9827998876571655,0.9827998876571655,0.0,0.9424290657043457,0.3551851809024811,0.6757001876831055,confidence_result_model_3.json,predictions/result/result_model_3.pdb,6.613321823120118,0.7993319034576416,3
0.9492902755737305,0.9713022708892822,0.9820156097412109,0.9820156097412109,0.0,0.9411088824272156,0.3569449484348297,0.6797811985015869,confidence_result_model_4.json,predictions/result/result_model_4.pdb,6.613321823120118,0.7993319034576416,4
