confidence_score,ptm,iptm,ligand_iptm,protein_iptm,complex_plddt,complex_pde,complex_ipde,filename,pdb_filepath,pIC50 Binding Affinity,Binding Probability,model
0.9563328623771667,0.9723920226097107,0.9821768999099731,0.9821768999099731,0.0,0.9498718976974487,0.3547471761703491,0.6729527115821838,confidence_result_model_0.json,predictions/result/result_model_0.pdb,6.536284498214722,0.7970948219299316,0
0.9560705423355103,0.9723230600357056,0.9826057553291321,0.9826057553291321,0.0,0.9494366645812988,0.3524472415447235,0.6657869815826416,confidence_result_model_1.json,predictions/result/result_model_1.pdb,6.536284498214722,0.7970948219299316,1
0.9553484320640564,0.969341516494751,0.9806491732597351,0.9806491732597351,0.0,0.9490231871604919,0.372592955827713,0.7403087019920349,confidence_result_model_2.json,predictions/result/result_model_2.pdb,6.536284498214722,0.7970948219299316,2
0.9551836848258972,0.972754180431366,0.9822551608085632,0.9822551608085632,0.0,0.9484158158302307,0.3588978052139282,0.6917704939842224,confidence_result_model_3.json,predictions/result/result_model_3.pdb,6.536284498214722,0.7970948219299316,3
0.9549094438552856,0.9711133241653442,0.98239666223526,0.98239666223526,0.0,0.9480376243591309,0.3569193184375763,0.66876220703125,confidence_result_model_4.json,predictions/result/result_model_4.pdb,6.536284498214722,0.7970948219299316,4
