confidence_score,ptm,iptm,ligand_iptm,protein_iptm,complex_plddt,complex_pde,complex_ipde,filename,pdb_filepath,pIC50 Binding Affinity,Binding Probability,model
0.9555115699768066,0.9724413752555847,0.9830600619316101,0.9830600619316101,0.0,0.9486244320869446,0.346683144569397,0.6292595267295837,confidence_result_model_0.json,predictions/result/result_model_0.pdb,6.452204578399659,0.819223940372467,0
0.9554128646850586,0.9728428721427917,0.9833763241767883,0.9833763241767883,0.0,0.9484219551086426,0.3483734726905823,0.632764458656311,confidence_result_model_1.json,predictions/result/result_model_1.pdb,6.452204578399659,0.819223940372467,1
0.9553160071372986,0.9718783497810364,0.9827430844306946,0.9827430844306946,0.0,0.9484591484069824,0.35400232672691345,0.6582549214363098,confidence_result_model_2.json,predictions/result/result_model_2.pdb,6.452204578399659,0.819223940372467,2
0.9537189602851868,0.9707738161087036,0.9823503494262695,0.9823503494262695,0.0,0.9465610980987549,0.3546864986419678,0.6602326035499573,confidence_result_model_3.json,predictions/result/result_model_3.pdb,6.452204578399659,0.819223940372467,3
0.9535984396934509,0.9687339663505554,0.9806594848632812,0.9806594848632812,0.0,0.946833074092865,0.37330472469329834,0.7350044846534729,confidence_result_model_4.json,predictions/result/result_model_4.pdb,6.452204578399659,0.819223940372467,4
