{
    "affinity_pred_value": 1.2132303714752197,
    "affinity_probability_binary": 0.7920494079589844,
    "affinity_pred_value1": 1.0146822929382324,
    "affinity_probability_binary1": 0.9178786873817444,
    "affinity_pred_value2": 1.4117783308029175,
    "affinity_probability_binary2": 0.6662201285362244
}