{
    "confidence_score": 0.9523720741271973,
    "ptm": 0.9705197215080261,
    "iptm": 0.9793192148208618,
    "ligand_iptm": 0.9793192148208618,
    "protein_iptm": 0.0,
    "complex_plddt": 0.9456353187561035,
    "complex_iplddt": 0.8775357604026794,
    "complex_pde": 0.37623682618141174,
    "complex_ipde": 0.7783666253089905,
    "chains_ptm": {
        "0": 0.970524251461029,
        "1": 0.9273963570594788
    },
    "pair_chains_iptm": {
        "0": {
            "0": 0.970524251461029,
            "1": 0.7947567701339722
        },
        "1": {
            "0": 0.9793192148208618,
            "1": 0.9273963570594788
        }
    }
}