{
    "confidence_score": 0.953734815120697,
    "ptm": 0.9701583981513977,
    "iptm": 0.9809331297874451,
    "ligand_iptm": 0.9809331297874451,
    "protein_iptm": 0.0,
    "complex_plddt": 0.9469351768493652,
    "complex_iplddt": 0.8800334334373474,
    "complex_pde": 0.37007275223731995,
    "complex_ipde": 0.7472901940345764,
    "chains_ptm": {
        "0": 0.969970166683197,
        "1": 0.9298354983329773
    },
    "pair_chains_iptm": {
        "0": {
            "0": 0.969970166683197,
            "1": 0.7983250617980957
        },
        "1": {
            "0": 0.9809331297874451,
            "1": 0.9298354983329773
        }
    }
}