{
    "confidence_score": 0.9539770483970642,
    "ptm": 0.9718571901321411,
    "iptm": 0.9801726937294006,
    "ligand_iptm": 0.9801726937294006,
    "protein_iptm": 0.0,
    "complex_plddt": 0.9474281072616577,
    "complex_iplddt": 0.8816831707954407,
    "complex_pde": 0.37218284606933594,
    "complex_ipde": 0.7725149989128113,
    "chains_ptm": {
        "0": 0.9719557762145996,
        "1": 0.9334964752197266
    },
    "pair_chains_iptm": {
        "0": {
            "0": 0.9719557762145996,
            "1": 0.8065553307533264
        },
        "1": {
            "0": 0.9801726937294006,
            "1": 0.9334964752197266
        }
    }
}