{
    "confidence_score": 0.953822910785675,
    "ptm": 0.9713748097419739,
    "iptm": 0.9812493920326233,
    "ligand_iptm": 0.9812493920326233,
    "protein_iptm": 0.0,
    "complex_plddt": 0.9469662308692932,
    "complex_iplddt": 0.8805481195449829,
    "complex_pde": 0.36640921235084534,
    "complex_ipde": 0.7366476058959961,
    "chains_ptm": {
        "0": 0.9710872769355774,
        "1": 0.9315816760063171
    },
    "pair_chains_iptm": {
        "0": {
            "0": 0.9710872769355774,
            "1": 0.8004766702651978
        },
        "1": {
            "0": 0.9812493920326233,
            "1": 0.9315816760063171
        }
    }
}