{
    "confidence_score": 0.9529097676277161,
    "ptm": 0.9716366529464722,
    "iptm": 0.9801236391067505,
    "ligand_iptm": 0.9801236391067505,
    "protein_iptm": 0.0,
    "complex_plddt": 0.9461062550544739,
    "complex_iplddt": 0.8784030675888062,
    "complex_pde": 0.36528730392456055,
    "complex_ipde": 0.7325040698051453,
    "chains_ptm": {
        "0": 0.9716172218322754,
        "1": 0.9312024712562561
    },
    "pair_chains_iptm": {
        "0": {
            "0": 0.9716172218322754,
            "1": 0.8039065599441528
        },
        "1": {
            "0": 0.9801236391067505,
            "1": 0.9312024712562561
        }
    }
}