{
    "affinity_pred_value": 1.123349905014038,
    "affinity_probability_binary": 0.8017089366912842,
    "affinity_pred_value1": 1.0357823371887207,
    "affinity_probability_binary1": 0.9280825853347778,
    "affinity_pred_value2": 1.2109174728393555,
    "affinity_probability_binary2": 0.6753352880477905
}