{
    "confidence_score": 0.9546915292739868,
    "ptm": 0.9711191058158875,
    "iptm": 0.9829082489013672,
    "ligand_iptm": 0.9829082489013672,
    "protein_iptm": 0.0,
    "complex_plddt": 0.9476372599601746,
    "complex_iplddt": 0.8839696645736694,
    "complex_pde": 0.3560059070587158,
    "complex_ipde": 0.6735236048698425,
    "chains_ptm": {
        "0": 0.9705973863601685,
        "1": 0.9333875179290771
    },
    "pair_chains_iptm": {
        "0": {
            "0": 0.9705973863601685,
            "1": 0.8051393032073975
        },
        "1": {
            "0": 0.9829082489013672,
            "1": 0.9333875179290771
        }
    }
}