{
    "confidence_score": 0.9575616121292114,
    "ptm": 0.9724329710006714,
    "iptm": 0.9828725457191467,
    "ligand_iptm": 0.9828725457191467,
    "protein_iptm": 0.0,
    "complex_plddt": 0.9512338638305664,
    "complex_iplddt": 0.8972373604774475,
    "complex_pde": 0.34929946064949036,
    "complex_ipde": 0.6459514498710632,
    "chains_ptm": {
        "0": 0.9720751643180847,
        "1": 0.9342629909515381
    },
    "pair_chains_iptm": {
        "0": {
            "0": 0.9720751643180847,
            "1": 0.8072132468223572
        },
        "1": {
            "0": 0.9828725457191467,
            "1": 0.9342629909515381
        }
    }
}