{
    "confidence_score": 0.9560233950614929,
    "ptm": 0.9717097282409668,
    "iptm": 0.9825003147125244,
    "ligand_iptm": 0.9825003147125244,
    "protein_iptm": 0.0,
    "complex_plddt": 0.9494041800498962,
    "complex_iplddt": 0.8907016515731812,
    "complex_pde": 0.35965654253959656,
    "complex_ipde": 0.6958310008049011,
    "chains_ptm": {
        "0": 0.9710482954978943,
        "1": 0.9328605532646179
    },
    "pair_chains_iptm": {
        "0": {
            "0": 0.9710482954978943,
            "1": 0.8011879920959473
        },
        "1": {
            "0": 0.9825003147125244,
            "1": 0.9328605532646179
        }
    }
}