{
    "confidence_score": 0.9586208462715149,
    "ptm": 0.9742764234542847,
    "iptm": 0.9837373495101929,
    "ligand_iptm": 0.9837373495101929,
    "protein_iptm": 0.0,
    "complex_plddt": 0.9523416757583618,
    "complex_iplddt": 0.9027043581008911,
    "complex_pde": 0.34156590700149536,
    "complex_ipde": 0.6205252408981323,
    "chains_ptm": {
        "0": 0.9736136198043823,
        "1": 0.9419103860855103
    },
    "pair_chains_iptm": {
        "0": {
            "0": 0.9736136198043823,
            "1": 0.8217498660087585
        },
        "1": {
            "0": 0.9837373495101929,
            "1": 0.9419103860855103
        }
    }
}