{
    "confidence_score": 0.9556556940078735,
    "ptm": 0.971343994140625,
    "iptm": 0.982452392578125,
    "ligand_iptm": 0.982452392578125,
    "protein_iptm": 0.0,
    "complex_plddt": 0.9489565491676331,
    "complex_iplddt": 0.8910617232322693,
    "complex_pde": 0.3592489957809448,
    "complex_ipde": 0.6909937858581543,
    "chains_ptm": {
        "0": 0.971009373664856,
        "1": 0.9330573081970215
    },
    "pair_chains_iptm": {
        "0": {
            "0": 0.971009373664856,
            "1": 0.8035706281661987
        },
        "1": {
            "0": 0.982452392578125,
            "1": 0.9330573081970215
        }
    }
}