confidence_score,ptm,iptm,ligand_iptm,protein_iptm,complex_plddt,complex_pde,complex_ipde,filename,pdb_filepath,pIC50 Binding Affinity,Binding Probability,model
0.9586208462715149,0.9742764234542847,0.9837373495101929,0.9837373495101929,0.0,0.9523416757583618,0.34156590700149536,0.6205252408981323,confidence_result_model_0.json,predictions/result/result_model_0.pdb,6.6517507295608524,0.8017089366912842,0
0.9575616121292114,0.9724329710006714,0.9828725457191467,0.9828725457191467,0.0,0.9512338638305664,0.34929946064949036,0.6459514498710632,confidence_result_model_1.json,predictions/result/result_model_1.pdb,6.6517507295608524,0.8017089366912842,1
0.9560233950614929,0.9717097282409668,0.9825003147125244,0.9825003147125244,0.0,0.9494041800498962,0.35965654253959656,0.6958310008049011,confidence_result_model_2.json,predictions/result/result_model_2.pdb,6.6517507295608524,0.8017089366912842,2
0.9556556940078735,0.971343994140625,0.982452392578125,0.982452392578125,0.0,0.9489565491676331,0.3592489957809448,0.6909937858581543,confidence_result_model_3.json,predictions/result/result_model_3.pdb,6.6517507295608524,0.8017089366912842,3
0.9546915292739868,0.9711191058158875,0.9829082489013672,0.9829082489013672,0.0,0.9476372599601746,0.3560059070587158,0.6735236048698425,confidence_result_model_4.json,predictions/result/result_model_4.pdb,6.6517507295608524,0.8017089366912842,4
