{
    "affinity_pred_value": 1.2696447372436523,
    "affinity_probability_binary": 0.819223940372467,
    "affinity_pred_value1": 1.1988362073898315,
    "affinity_probability_binary1": 0.9468755125999451,
    "affinity_pred_value2": 1.3404531478881836,
    "affinity_probability_binary2": 0.691572368144989
}