{
    "confidence_score": 0.9535984396934509,
    "ptm": 0.9687339663505554,
    "iptm": 0.9806594848632812,
    "ligand_iptm": 0.9806594848632812,
    "protein_iptm": 0.0,
    "complex_plddt": 0.946833074092865,
    "complex_iplddt": 0.8828330636024475,
    "complex_pde": 0.37330472469329834,
    "complex_ipde": 0.7350044846534729,
    "chains_ptm": {
        "0": 0.9684138894081116,
        "1": 0.9232693910598755
    },
    "pair_chains_iptm": {
        "0": {
            "0": 0.9684138894081116,
            "1": 0.7902402281761169
        },
        "1": {
            "0": 0.9806594848632812,
            "1": 0.9232693910598755
        }
    }
}