{
    "confidence_score": 0.9555115699768066,
    "ptm": 0.9724413752555847,
    "iptm": 0.9830600619316101,
    "ligand_iptm": 0.9830600619316101,
    "protein_iptm": 0.0,
    "complex_plddt": 0.9486244320869446,
    "complex_iplddt": 0.8903569579124451,
    "complex_pde": 0.346683144569397,
    "complex_ipde": 0.6292595267295837,
    "chains_ptm": {
        "0": 0.9719502925872803,
        "1": 0.9373363256454468
    },
    "pair_chains_iptm": {
        "0": {
            "0": 0.9719502925872803,
            "1": 0.8113771677017212
        },
        "1": {
            "0": 0.9830600619316101,
            "1": 0.9373363256454468
        }
    }
}