{
    "confidence_score": 0.9553160071372986,
    "ptm": 0.9718783497810364,
    "iptm": 0.9827430844306946,
    "ligand_iptm": 0.9827430844306946,
    "protein_iptm": 0.0,
    "complex_plddt": 0.9484591484069824,
    "complex_iplddt": 0.8883067965507507,
    "complex_pde": 0.35400232672691345,
    "complex_ipde": 0.6582549214363098,
    "chains_ptm": {
        "0": 0.9711217880249023,
        "1": 0.9335227608680725
    },
    "pair_chains_iptm": {
        "0": {
            "0": 0.9711217880249023,
            "1": 0.8107770085334778
        },
        "1": {
            "0": 0.9827430844306946,
            "1": 0.9335227608680725
        }
    }
}