{
    "confidence_score": 0.9537189602851868,
    "ptm": 0.9707738161087036,
    "iptm": 0.9823503494262695,
    "ligand_iptm": 0.9823503494262695,
    "protein_iptm": 0.0,
    "complex_plddt": 0.9465610980987549,
    "complex_iplddt": 0.879256546497345,
    "complex_pde": 0.3546864986419678,
    "complex_ipde": 0.6602326035499573,
    "chains_ptm": {
        "0": 0.9703314900398254,
        "1": 0.932422399520874
    },
    "pair_chains_iptm": {
        "0": {
            "0": 0.9703314900398254,
            "1": 0.8045633435249329
        },
        "1": {
            "0": 0.9823503494262695,
            "1": 0.932422399520874
        }
    }
}