{
    "confidence_score": 0.9554128646850586,
    "ptm": 0.9728428721427917,
    "iptm": 0.9833763241767883,
    "ligand_iptm": 0.9833763241767883,
    "protein_iptm": 0.0,
    "complex_plddt": 0.9484219551086426,
    "complex_iplddt": 0.8888753652572632,
    "complex_pde": 0.3483734726905823,
    "complex_ipde": 0.632764458656311,
    "chains_ptm": {
        "0": 0.9724031686782837,
        "1": 0.9371139407157898
    },
    "pair_chains_iptm": {
        "0": {
            "0": 0.9724031686782837,
            "1": 0.812836229801178
        },
        "1": {
            "0": 0.9833763241767883,
            "1": 0.9371139407157898
        }
    }
}