{
    "affinity_pred_value": 1.1515235900878906,
    "affinity_probability_binary": 0.7993319034576416,
    "affinity_pred_value1": 0.9326733350753784,
    "affinity_probability_binary1": 0.9179137349128723,
    "affinity_pred_value2": 1.3703737258911133,
    "affinity_probability_binary2": 0.6807501316070557
}