{
    "confidence_score": 0.9492902755737305,
    "ptm": 0.9713022708892822,
    "iptm": 0.9820156097412109,
    "ligand_iptm": 0.9820156097412109,
    "protein_iptm": 0.0,
    "complex_plddt": 0.9411088824272156,
    "complex_iplddt": 0.862184464931488,
    "complex_pde": 0.3569449484348297,
    "complex_ipde": 0.6797811985015869,
    "chains_ptm": {
        "0": 0.9710541367530823,
        "1": 0.9335379600524902
    },
    "pair_chains_iptm": {
        "0": {
            "0": 0.9710541367530823,
            "1": 0.8048611283302307
        },
        "1": {
            "0": 0.9820156097412109,
            "1": 0.9335379600524902
        }
    }
}