{
    "confidence_score": 0.9505032896995544,
    "ptm": 0.9725499153137207,
    "iptm": 0.9827998876571655,
    "ligand_iptm": 0.9827998876571655,
    "protein_iptm": 0.0,
    "complex_plddt": 0.9424290657043457,
    "complex_iplddt": 0.8644320368766785,
    "complex_pde": 0.3551851809024811,
    "complex_ipde": 0.6757001876831055,
    "chains_ptm": {
        "0": 0.9717877507209778,
        "1": 0.9341046810150146
    },
    "pair_chains_iptm": {
        "0": {
            "0": 0.9717877507209778,
            "1": 0.8005786538124084
        },
        "1": {
            "0": 0.9827998876571655,
            "1": 0.9341046810150146
        }
    }
}