{
    "confidence_score": 0.9505376219749451,
    "ptm": 0.9704768657684326,
    "iptm": 0.9811183214187622,
    "ligand_iptm": 0.9811183214187622,
    "protein_iptm": 0.0,
    "complex_plddt": 0.9428924322128296,
    "complex_iplddt": 0.8664997220039368,
    "complex_pde": 0.3617425560951233,
    "complex_ipde": 0.6979288458824158,
    "chains_ptm": {
        "0": 0.970018208026886,
        "1": 0.9323684573173523
    },
    "pair_chains_iptm": {
        "0": {
            "0": 0.970018208026886,
            "1": 0.8009312748908997
        },
        "1": {
            "0": 0.9811183214187622,
            "1": 0.9323684573173523
        }
    }
}