{
    "confidence_score": 0.9519538283348083,
    "ptm": 0.9696785807609558,
    "iptm": 0.9820157885551453,
    "ligand_iptm": 0.9820157885551453,
    "protein_iptm": 0.0,
    "complex_plddt": 0.9444383382797241,
    "complex_iplddt": 0.8711980581283569,
    "complex_pde": 0.3628818094730377,
    "complex_ipde": 0.7036670446395874,
    "chains_ptm": {
        "0": 0.969347357749939,
        "1": 0.9282907247543335
    },
    "pair_chains_iptm": {
        "0": {
            "0": 0.969347357749939,
            "1": 0.7959141135215759
        },
        "1": {
            "0": 0.9820157885551453,
            "1": 0.9282907247543335
        }
    }
}