{
    "confidence_score": 0.9507595300674438,
    "ptm": 0.9697774052619934,
    "iptm": 0.9814015626907349,
    "ligand_iptm": 0.9814015626907349,
    "protein_iptm": 0.0,
    "complex_plddt": 0.9430989623069763,
    "complex_iplddt": 0.866539716720581,
    "complex_pde": 0.36623209714889526,
    "complex_ipde": 0.712443470954895,
    "chains_ptm": {
        "0": 0.9694000482559204,
        "1": 0.9276281595230103
    },
    "pair_chains_iptm": {
        "0": {
            "0": 0.9694000482559204,
            "1": 0.7916973829269409
        },
        "1": {
            "0": 0.9814015626907349,
            "1": 0.9276281595230103
        }
    }
}