confidence_score,ptm,iptm,ligand_iptm,protein_iptm,complex_plddt,complex_pde,complex_ipde,filename,pdb_filepath,pIC50 Binding Affinity,Binding Probability,model
0.9528948664665222,0.9717075824737549,0.9821715950965881,0.9821715950965881,0.0,0.9455756545066833,0.35802555084228516,0.6899042129516602,confidence_result_model_0.json,predictions/result/result_model_0.pdb,6.558476672172547,0.7975855469703674,0
0.9513619542121887,0.970952033996582,0.9813475012779236,0.9813475012779236,0.0,0.9438655376434326,0.3594106435775757,0.6883926391601562,confidence_result_model_1.json,predictions/result/result_model_1.pdb,6.558476672172547,0.7975855469703674,1
0.9510905146598816,0.972996175289154,0.9833404421806335,0.9833404421806335,0.0,0.9430280327796936,0.34644588828086853,0.6275236010551453,confidence_result_model_2.json,predictions/result/result_model_2.pdb,6.558476672172547,0.7975855469703674,2
0.9506232142448425,0.9718598127365112,0.9821618795394897,0.9821618795394897,0.0,0.9427385926246643,0.3579235374927521,0.6818858981132507,confidence_result_model_3.json,predictions/result/result_model_3.pdb,6.558476672172547,0.7975855469703674,3
0.950543224811554,0.971369206905365,0.9820424914360046,0.9820424914360046,0.0,0.9426683783531189,0.36014512181282043,0.6892718076705933,confidence_result_model_4.json,predictions/result/result_model_4.pdb,6.558476672172547,0.7975855469703674,4
