{
    "affinity_pred_value": 1.187353491783142,
    "affinity_probability_binary": 0.8068130612373352,
    "affinity_pred_value1": 1.0708376169204712,
    "affinity_probability_binary1": 0.9324769973754883,
    "affinity_pred_value2": 1.303869366645813,
    "affinity_probability_binary2": 0.6811491250991821
}