{
    "confidence_score": 0.9521193504333496,
    "ptm": 0.9700846076011658,
    "iptm": 0.9817119836807251,
    "ligand_iptm": 0.9817119836807251,
    "protein_iptm": 0.0,
    "complex_plddt": 0.9447212219238281,
    "complex_iplddt": 0.8740893602371216,
    "complex_pde": 0.35940247774124146,
    "complex_ipde": 0.6795364618301392,
    "chains_ptm": {
        "0": 0.9696795344352722,
        "1": 0.9316249489784241
    },
    "pair_chains_iptm": {
        "0": {
            "0": 0.9696795344352722,
            "1": 0.8015032410621643
        },
        "1": {
            "0": 0.9817119836807251,
            "1": 0.9316249489784241
        }
    }
}