{
    "confidence_score": 0.9528338313102722,
    "ptm": 0.9698496460914612,
    "iptm": 0.9810407757759094,
    "ligand_iptm": 0.9810407757759094,
    "protein_iptm": 0.0,
    "complex_plddt": 0.9457821249961853,
    "complex_iplddt": 0.8750404715538025,
    "complex_pde": 0.3675781786441803,
    "complex_ipde": 0.7216635346412659,
    "chains_ptm": {
        "0": 0.9694641828536987,
        "1": 0.9276763200759888
    },
    "pair_chains_iptm": {
        "0": {
            "0": 0.9694641828536987,
            "1": 0.7941815853118896
        },
        "1": {
            "0": 0.9810407757759094,
            "1": 0.9276763200759888
        }
    }
}