{
    "confidence_score": 0.9521632194519043,
    "ptm": 0.9730932116508484,
    "iptm": 0.9832252264022827,
    "ligand_iptm": 0.9832252264022827,
    "protein_iptm": 0.0,
    "complex_plddt": 0.9443977475166321,
    "complex_iplddt": 0.87309330701828,
    "complex_pde": 0.34880679845809937,
    "complex_ipde": 0.6457440257072449,
    "chains_ptm": {
        "0": 0.9728196263313293,
        "1": 0.9376685619354248
    },
    "pair_chains_iptm": {
        "0": {
            "0": 0.9728196263313293,
            "1": 0.811331570148468
        },
        "1": {
            "0": 0.9832252264022827,
            "1": 0.9376685619354248
        }
    }
}