{
    "confidence_score": 0.9527290463447571,
    "ptm": 0.9699681997299194,
    "iptm": 0.9808429479598999,
    "ligand_iptm": 0.9808429479598999,
    "protein_iptm": 0.0,
    "complex_plddt": 0.9457005262374878,
    "complex_iplddt": 0.8748272657394409,
    "complex_pde": 0.3630736470222473,
    "complex_ipde": 0.7003365159034729,
    "chains_ptm": {
        "0": 0.9694724082946777,
        "1": 0.9307278990745544
    },
    "pair_chains_iptm": {
        "0": {
            "0": 0.9694724082946777,
            "1": 0.800966203212738
        },
        "1": {
            "0": 0.9808429479598999,
            "1": 0.9307278990745544
        }
    }
}