{
    "confidence_score": 0.9527631998062134,
    "ptm": 0.9733288884162903,
    "iptm": 0.9826329946517944,
    "ligand_iptm": 0.9826329946517944,
    "protein_iptm": 0.0,
    "complex_plddt": 0.9452956914901733,
    "complex_iplddt": 0.8748946189880371,
    "complex_pde": 0.3524782955646515,
    "complex_ipde": 0.6708083748817444,
    "chains_ptm": {
        "0": 0.9731238484382629,
        "1": 0.9364000558853149
    },
    "pair_chains_iptm": {
        "0": {
            "0": 0.9731238484382629,
            "1": 0.8082000017166138
        },
        "1": {
            "0": 0.9826329946517944,
            "1": 0.9364000558853149
        }
    }
}