confidence_score,ptm,iptm,ligand_iptm,protein_iptm,complex_plddt,complex_pde,complex_ipde,filename,pdb_filepath,pIC50 Binding Affinity,Binding Probability,model
0.9570908546447754,0.9708278179168701,0.9825647473335266,0.9825647473335266,0.0,0.950722336769104,0.3560035526752472,0.6714589595794678,confidence_result_model_0.json,predictions/result/result_model_0.pdb,6.48820226764679,0.8007791042327881,0
0.9560922980308533,0.970874547958374,0.9821301698684692,0.9821301698684692,0.0,0.9495827555656433,0.3605121672153473,0.6979692578315735,confidence_result_model_1.json,predictions/result/result_model_1.pdb,6.48820226764679,0.8007791042327881,1
0.9559952020645142,0.9717494249343872,0.9818105697631836,0.9818105697631836,0.0,0.9495412707328796,0.35450875759124756,0.6695192456245422,confidence_result_model_2.json,predictions/result/result_model_2.pdb,6.48820226764679,0.8007791042327881,2
0.9556760191917419,0.9698735475540161,0.9818376302719116,0.9818376302719116,0.0,0.9491355419158936,0.36266496777534485,0.6959325075149536,confidence_result_model_3.json,predictions/result/result_model_3.pdb,6.48820226764679,0.8007791042327881,3
0.9552189707756042,0.9720886945724487,0.9824300408363342,0.9824300408363342,0.0,0.9484161734580994,0.35255417227745056,0.6605165004730225,confidence_result_model_4.json,predictions/result/result_model_4.pdb,6.48820226764679,0.8007791042327881,4
