confidence_score,ptm,iptm,ligand_iptm,protein_iptm,complex_plddt,complex_pde,complex_ipde,filename,pdb_filepath,pIC50 Binding Affinity,Binding Probability,model
0.9518489241600037,0.9725070595741272,0.9827583432197571,0.9827583432197571,0.0,0.9441215395927429,0.35143768787384033,0.6557221412658691,confidence_result_model_0.json,predictions/result/result_model_0.pdb,6.6382362709045415,0.7820148468017578,0
0.9515174031257629,0.971406877040863,0.9819711446762085,0.9819711446762085,0.0,0.943903923034668,0.35768330097198486,0.6833274364471436,confidence_result_model_1.json,predictions/result/result_model_1.pdb,6.6382362709045415,0.7820148468017578,1
0.9497597813606262,0.9700250625610352,0.9807397127151489,0.9807397127151489,0.0,0.942014753818512,0.3663818836212158,0.7134942412376404,confidence_result_model_2.json,predictions/result/result_model_2.pdb,6.6382362709045415,0.7820148468017578,2
0.9496553540229797,0.9720922708511353,0.9826098680496216,0.9826098680496216,0.0,0.9414167404174805,0.35223105549812317,0.6485683917999268,confidence_result_model_3.json,predictions/result/result_model_3.pdb,6.6382362709045415,0.7820148468017578,3
0.9480093121528625,0.9700132012367249,0.981274425983429,0.981274425983429,0.0,0.939693033695221,0.3672563135623932,0.7237574458122253,confidence_result_model_4.json,predictions/result/result_model_4.pdb,6.6382362709045415,0.7820148468017578,4
