confidence_score,ptm,iptm,ligand_iptm,protein_iptm,complex_plddt,complex_pde,complex_ipde,filename,pdb_filepath,pIC50 Binding Affinity,Binding Probability,model
0.9539770483970642,0.9718571901321411,0.9801726937294006,0.9801726937294006,0.0,0.9474281072616577,0.37218284606933594,0.7725149989128113,confidence_result_model_0.json,predictions/result/result_model_0.pdb,6.529153773307801,0.7920494079589844,0
0.953822910785675,0.9713748097419739,0.9812493920326233,0.9812493920326233,0.0,0.9469662308692932,0.36640921235084534,0.7366476058959961,confidence_result_model_1.json,predictions/result/result_model_1.pdb,6.529153773307801,0.7920494079589844,1
0.953734815120697,0.9701583981513977,0.9809331297874451,0.9809331297874451,0.0,0.9469351768493652,0.37007275223731995,0.7472901940345764,confidence_result_model_2.json,predictions/result/result_model_2.pdb,6.529153773307801,0.7920494079589844,2
0.9529097676277161,0.9716366529464722,0.9801236391067505,0.9801236391067505,0.0,0.9461062550544739,0.36528730392456055,0.7325040698051453,confidence_result_model_3.json,predictions/result/result_model_3.pdb,6.529153773307801,0.7920494079589844,3
0.9523720741271973,0.9705197215080261,0.9793192148208618,0.9793192148208618,0.0,0.9456353187561035,0.37623682618141174,0.7783666253089905,confidence_result_model_4.json,predictions/result/result_model_4.pdb,6.529153773307801,0.7920494079589844,4
