{
    "affinity_pred_value": 1.1332578659057617,
    "affinity_probability_binary": 0.7820148468017578,
    "affinity_pred_value1": 1.0247372388839722,
    "affinity_probability_binary1": 0.9053499698638916,
    "affinity_pred_value2": 1.2417783737182617,
    "affinity_probability_binary2": 0.658679723739624
}