{
    "confidence_score": 0.9497597813606262,
    "ptm": 0.9700250625610352,
    "iptm": 0.9807397127151489,
    "ligand_iptm": 0.9807397127151489,
    "protein_iptm": 0.0,
    "complex_plddt": 0.942014753818512,
    "complex_iplddt": 0.8625468015670776,
    "complex_pde": 0.3663818836212158,
    "complex_ipde": 0.7134942412376404,
    "chains_ptm": {
        "0": 0.9696915745735168,
        "1": 0.9281190037727356
    },
    "pair_chains_iptm": {
        "0": {
            "0": 0.9696915745735168,
            "1": 0.7903252243995667
        },
        "1": {
            "0": 0.9807397127151489,
            "1": 0.9281190037727356
        }
    }
}