{
    "confidence_score": 0.9480093121528625,
    "ptm": 0.9700132012367249,
    "iptm": 0.981274425983429,
    "ligand_iptm": 0.981274425983429,
    "protein_iptm": 0.0,
    "complex_plddt": 0.939693033695221,
    "complex_iplddt": 0.8542752265930176,
    "complex_pde": 0.3672563135623932,
    "complex_ipde": 0.7237574458122253,
    "chains_ptm": {
        "0": 0.9697276949882507,
        "1": 0.9263820052146912
    },
    "pair_chains_iptm": {
        "0": {
            "0": 0.9697276949882507,
            "1": 0.7956874370574951
        },
        "1": {
            "0": 0.981274425983429,
            "1": 0.9263820052146912
        }
    }
}