{
    "confidence_score": 0.9496553540229797,
    "ptm": 0.9720922708511353,
    "iptm": 0.9826098680496216,
    "ligand_iptm": 0.9826098680496216,
    "protein_iptm": 0.0,
    "complex_plddt": 0.9414167404174805,
    "complex_iplddt": 0.8633710741996765,
    "complex_pde": 0.35223105549812317,
    "complex_ipde": 0.6485683917999268,
    "chains_ptm": {
        "0": 0.9716598391532898,
        "1": 0.9323793649673462
    },
    "pair_chains_iptm": {
        "0": {
            "0": 0.9716598391532898,
            "1": 0.8047466278076172
        },
        "1": {
            "0": 0.9826098680496216,
            "1": 0.9323793649673462
        }
    }
}