{
    "confidence_score": 0.9515174031257629,
    "ptm": 0.971406877040863,
    "iptm": 0.9819711446762085,
    "ligand_iptm": 0.9819711446762085,
    "protein_iptm": 0.0,
    "complex_plddt": 0.943903923034668,
    "complex_iplddt": 0.8707761764526367,
    "complex_pde": 0.35768330097198486,
    "complex_ipde": 0.6833274364471436,
    "chains_ptm": {
        "0": 0.9709762334823608,
        "1": 0.9355685710906982
    },
    "pair_chains_iptm": {
        "0": {
            "0": 0.9709762334823608,
            "1": 0.8108879327774048
        },
        "1": {
            "0": 0.9819711446762085,
            "1": 0.9355685710906982
        }
    }
}