{
    "confidence_score": 0.9518489241600037,
    "ptm": 0.9725070595741272,
    "iptm": 0.9827583432197571,
    "ligand_iptm": 0.9827583432197571,
    "protein_iptm": 0.0,
    "complex_plddt": 0.9441215395927429,
    "complex_iplddt": 0.8711225390434265,
    "complex_pde": 0.35143768787384033,
    "complex_ipde": 0.6557221412658691,
    "chains_ptm": {
        "0": 0.972168505191803,
        "1": 0.937142550945282
    },
    "pair_chains_iptm": {
        "0": {
            "0": 0.972168505191803,
            "1": 0.811129629611969
        },
        "1": {
            "0": 0.9827583432197571,
            "1": 0.937142550945282
        }
    }
}