{
    "affinity_pred_value": 1.0815629959106445,
    "affinity_probability_binary": 0.7458515763282776,
    "affinity_pred_value1": 0.9446117877960205,
    "affinity_probability_binary1": 0.87068772315979,
    "affinity_pred_value2": 1.218514323234558,
    "affinity_probability_binary2": 0.6210154294967651
}