{
    "confidence_score": 0.9533708691596985,
    "ptm": 0.9705180525779724,
    "iptm": 0.9821476340293884,
    "ligand_iptm": 0.9821476340293884,
    "protein_iptm": 0.0,
    "complex_plddt": 0.9461766481399536,
    "complex_iplddt": 0.8786450028419495,
    "complex_pde": 0.36134371161460876,
    "complex_ipde": 0.7022069096565247,
    "chains_ptm": {
        "0": 0.9700105786323547,
        "1": 0.9329020977020264
    },
    "pair_chains_iptm": {
        "0": {
            "0": 0.9700105786323547,
            "1": 0.8061584830284119
        },
        "1": {
            "0": 0.9821476340293884,
            "1": 0.9329020977020264
        }
    }
}