{
    "confidence_score": 0.9509540796279907,
    "ptm": 0.9725685715675354,
    "iptm": 0.9827975630760193,
    "ligand_iptm": 0.9827975630760193,
    "protein_iptm": 0.0,
    "complex_plddt": 0.9429932236671448,
    "complex_iplddt": 0.8664055466651917,
    "complex_pde": 0.3544045090675354,
    "complex_ipde": 0.6718443036079407,
    "chains_ptm": {
        "0": 0.9722499847412109,
        "1": 0.9359340071678162
    },
    "pair_chains_iptm": {
        "0": {
            "0": 0.9722499847412109,
            "1": 0.8115925192832947
        },
        "1": {
            "0": 0.9827975630760193,
            "1": 0.9359340071678162
        }
    }
}