{
    "confidence_score": 0.9522565007209778,
    "ptm": 0.9695882201194763,
    "iptm": 0.9811822772026062,
    "ligand_iptm": 0.9811822772026062,
    "protein_iptm": 0.0,
    "complex_plddt": 0.9450250864028931,
    "complex_iplddt": 0.8729141354560852,
    "complex_pde": 0.3684879243373871,
    "complex_ipde": 0.7234005331993103,
    "chains_ptm": {
        "0": 0.9691547751426697,
        "1": 0.9284318089485168
    },
    "pair_chains_iptm": {
        "0": {
            "0": 0.9691547751426697,
            "1": 0.794463574886322
        },
        "1": {
            "0": 0.9811822772026062,
            "1": 0.9284318089485168
        }
    }
}