{
    "confidence_score": 0.9551215171813965,
    "ptm": 0.9719622731208801,
    "iptm": 0.9819846749305725,
    "ligand_iptm": 0.9819846749305725,
    "protein_iptm": 0.0,
    "complex_plddt": 0.9484057426452637,
    "complex_iplddt": 0.883884072303772,
    "complex_pde": 0.358001708984375,
    "complex_ipde": 0.6888719797134399,
    "chains_ptm": {
        "0": 0.9716265201568604,
        "1": 0.9334296584129333
    },
    "pair_chains_iptm": {
        "0": {
            "0": 0.9716265201568604,
            "1": 0.8058531284332275
        },
        "1": {
            "0": 0.9819846749305725,
            "1": 0.9334296584129333
        }
    }
}