{
    "confidence_score": 0.9542245864868164,
    "ptm": 0.9694207906723022,
    "iptm": 0.9805700778961182,
    "ligand_iptm": 0.9805700778961182,
    "protein_iptm": 0.0,
    "complex_plddt": 0.9476382732391357,
    "complex_iplddt": 0.8823468089103699,
    "complex_pde": 0.37435027956962585,
    "complex_ipde": 0.7537875771522522,
    "chains_ptm": {
        "0": 0.9691712856292725,
        "1": 0.9286684989929199
    },
    "pair_chains_iptm": {
        "0": {
            "0": 0.9691712856292725,
            "1": 0.7921510934829712
        },
        "1": {
            "0": 0.9805700778961182,
            "1": 0.9286684989929199
        }
    }
}