confidence_score,ptm,iptm,ligand_iptm,protein_iptm,complex_plddt,complex_pde,complex_ipde,filename,pdb_filepath,pIC50 Binding Affinity,Binding Probability,model
0.9551215171813965,0.9719622731208801,0.9819846749305725,0.9819846749305725,0.0,0.9484057426452637,0.358001708984375,0.6888719797134399,confidence_result_model_0.json,predictions/result/result_model_0.pdb,6.7087480735778815,0.7458515763282776,0
0.9542245864868164,0.9694207906723022,0.9805700778961182,0.9805700778961182,0.0,0.9476382732391357,0.37435027956962585,0.7537875771522522,confidence_result_model_1.json,predictions/result/result_model_1.pdb,6.7087480735778815,0.7458515763282776,1
0.9533708691596985,0.9705180525779724,0.9821476340293884,0.9821476340293884,0.0,0.9461766481399536,0.36134371161460876,0.7022069096565247,confidence_result_model_2.json,predictions/result/result_model_2.pdb,6.7087480735778815,0.7458515763282776,2
0.9522565007209778,0.9695882201194763,0.9811822772026062,0.9811822772026062,0.0,0.9450250864028931,0.3684879243373871,0.7234005331993103,confidence_result_model_3.json,predictions/result/result_model_3.pdb,6.7087480735778815,0.7458515763282776,3
0.9509540796279907,0.9725685715675354,0.9827975630760193,0.9827975630760193,0.0,0.9429932236671448,0.3544045090675354,0.6718443036079407,confidence_result_model_4.json,predictions/result/result_model_4.pdb,6.7087480735778815,0.7458515763282776,4
