{
    "affinity_pred_value": 1.243253469467163,
    "affinity_probability_binary": 0.8007791042327881,
    "affinity_pred_value1": 1.0734105110168457,
    "affinity_probability_binary1": 0.9321900010108948,
    "affinity_pred_value2": 1.4130964279174805,
    "affinity_probability_binary2": 0.6693681478500366
}