{
    "confidence_score": 0.9560922980308533,
    "ptm": 0.970874547958374,
    "iptm": 0.9821301698684692,
    "ligand_iptm": 0.9821301698684692,
    "protein_iptm": 0.0,
    "complex_plddt": 0.9495827555656433,
    "complex_iplddt": 0.8926609754562378,
    "complex_pde": 0.3605121672153473,
    "complex_ipde": 0.6979692578315735,
    "chains_ptm": {
        "0": 0.9704574346542358,
        "1": 0.9332216382026672
    },
    "pair_chains_iptm": {
        "0": {
            "0": 0.9704574346542358,
            "1": 0.8020362257957458
        },
        "1": {
            "0": 0.9821301698684692,
            "1": 0.9332216382026672
        }
    }
}