{
    "confidence_score": 0.9559952020645142,
    "ptm": 0.9717494249343872,
    "iptm": 0.9818105697631836,
    "ligand_iptm": 0.9818105697631836,
    "protein_iptm": 0.0,
    "complex_plddt": 0.9495412707328796,
    "complex_iplddt": 0.8912765979766846,
    "complex_pde": 0.35450875759124756,
    "complex_ipde": 0.6695192456245422,
    "chains_ptm": {
        "0": 0.9714319705963135,
        "1": 0.9328898787498474
    },
    "pair_chains_iptm": {
        "0": {
            "0": 0.9714319705963135,
            "1": 0.8068222999572754
        },
        "1": {
            "0": 0.9818105697631836,
            "1": 0.9328898787498474
        }
    }
}