{
    "confidence_score": 0.9552189707756042,
    "ptm": 0.9720886945724487,
    "iptm": 0.9824300408363342,
    "ligand_iptm": 0.9824300408363342,
    "protein_iptm": 0.0,
    "complex_plddt": 0.9484161734580994,
    "complex_iplddt": 0.8877238631248474,
    "complex_pde": 0.35255417227745056,
    "complex_ipde": 0.6605165004730225,
    "chains_ptm": {
        "0": 0.9716512560844421,
        "1": 0.9343575835227966
    },
    "pair_chains_iptm": {
        "0": {
            "0": 0.9716512560844421,
            "1": 0.8051324486732483
        },
        "1": {
            "0": 0.9824300408363342,
            "1": 0.9343575835227966
        }
    }
}