{
    "confidence_score": 0.9570908546447754,
    "ptm": 0.9708278179168701,
    "iptm": 0.9825647473335266,
    "ligand_iptm": 0.9825647473335266,
    "protein_iptm": 0.0,
    "complex_plddt": 0.950722336769104,
    "complex_iplddt": 0.8950881958007812,
    "complex_pde": 0.3560035526752472,
    "complex_ipde": 0.6714589595794678,
    "chains_ptm": {
        "0": 0.9703532457351685,
        "1": 0.9305577278137207
    },
    "pair_chains_iptm": {
        "0": {
            "0": 0.9703532457351685,
            "1": 0.8022544980049133
        },
        "1": {
            "0": 0.9825647473335266,
            "1": 0.9305577278137207
        }
    }
}