{
    "confidence_score": 0.9556760191917419,
    "ptm": 0.9698735475540161,
    "iptm": 0.9818376302719116,
    "ligand_iptm": 0.9818376302719116,
    "protein_iptm": 0.0,
    "complex_plddt": 0.9491355419158936,
    "complex_iplddt": 0.8894721269607544,
    "complex_pde": 0.36266496777534485,
    "complex_ipde": 0.6959325075149536,
    "chains_ptm": {
        "0": 0.9694361090660095,
        "1": 0.9296661019325256
    },
    "pair_chains_iptm": {
        "0": {
            "0": 0.9694361090660095,
            "1": 0.7986885905265808
        },
        "1": {
            "0": 0.9818376302719116,
            "1": 0.9296661019325256
        }
    }
}