confidence_score,ptm,iptm,ligand_iptm,protein_iptm,complex_plddt,complex_pde,complex_ipde,filename,pdb_filepath,pIC50 Binding Affinity,Binding Probability,model
0.9528338313102722,0.9698496460914612,0.9810407757759094,0.9810407757759094,0.0,0.9457821249961853,0.3675781786441803,0.7216635346412659,confidence_result_model_0.json,predictions/result/result_model_0.pdb,6.564449837207794,0.8068130612373352,0
0.9527631998062134,0.9733288884162903,0.9826329946517944,0.9826329946517944,0.0,0.9452956914901733,0.3524782955646515,0.6708083748817444,confidence_result_model_1.json,predictions/result/result_model_1.pdb,6.564449837207794,0.8068130612373352,1
0.9527290463447571,0.9699681997299194,0.9808429479598999,0.9808429479598999,0.0,0.9457005262374878,0.3630736470222473,0.7003365159034729,confidence_result_model_2.json,predictions/result/result_model_2.pdb,6.564449837207794,0.8068130612373352,2
0.9521632194519043,0.9730932116508484,0.9832252264022827,0.9832252264022827,0.0,0.9443977475166321,0.34880679845809937,0.6457440257072449,confidence_result_model_3.json,predictions/result/result_model_3.pdb,6.564449837207794,0.8068130612373352,3
0.9521193504333496,0.9700846076011658,0.9817119836807251,0.9817119836807251,0.0,0.9447212219238281,0.35940247774124146,0.6795364618301392,confidence_result_model_4.json,predictions/result/result_model_4.pdb,6.564449837207794,0.8068130612373352,4
