{
    "affinity_pred_value": 1.19173264503479,
    "affinity_probability_binary": 0.7975855469703674,
    "affinity_pred_value1": 0.9885839223861694,
    "affinity_probability_binary1": 0.9222573041915894,
    "affinity_pred_value2": 1.3948814868927002,
    "affinity_probability_binary2": 0.6729137897491455
}