{
    "confidence_score": 0.950543224811554,
    "ptm": 0.971369206905365,
    "iptm": 0.9820424914360046,
    "ligand_iptm": 0.9820424914360046,
    "protein_iptm": 0.0,
    "complex_plddt": 0.9426683783531189,
    "complex_iplddt": 0.8633444905281067,
    "complex_pde": 0.36014512181282043,
    "complex_ipde": 0.6892718076705933,
    "chains_ptm": {
        "0": 0.9709821939468384,
        "1": 0.9311197400093079
    },
    "pair_chains_iptm": {
        "0": {
            "0": 0.9709821939468384,
            "1": 0.7995559573173523
        },
        "1": {
            "0": 0.9820424914360046,
            "1": 0.9311197400093079
        }
    }
}