{
    "confidence_score": 0.9506232142448425,
    "ptm": 0.9718598127365112,
    "iptm": 0.9821618795394897,
    "ligand_iptm": 0.9821618795394897,
    "protein_iptm": 0.0,
    "complex_plddt": 0.9427385926246643,
    "complex_iplddt": 0.8651673793792725,
    "complex_pde": 0.3579235374927521,
    "complex_ipde": 0.6818858981132507,
    "chains_ptm": {
        "0": 0.9715006351470947,
        "1": 0.9307543039321899
    },
    "pair_chains_iptm": {
        "0": {
            "0": 0.9715006351470947,
            "1": 0.8025270700454712
        },
        "1": {
            "0": 0.9821618795394897,
            "1": 0.9307543039321899
        }
    }
}