{
    "confidence_score": 0.9513619542121887,
    "ptm": 0.970952033996582,
    "iptm": 0.9813475012779236,
    "ligand_iptm": 0.9813475012779236,
    "protein_iptm": 0.0,
    "complex_plddt": 0.9438655376434326,
    "complex_iplddt": 0.8686079978942871,
    "complex_pde": 0.3594106435775757,
    "complex_ipde": 0.6883926391601562,
    "chains_ptm": {
        "0": 0.9706277251243591,
        "1": 0.9310659170150757
    },
    "pair_chains_iptm": {
        "0": {
            "0": 0.9706277251243591,
            "1": 0.7984820008277893
        },
        "1": {
            "0": 0.9813475012779236,
            "1": 0.9310659170150757
        }
    }
}