{
    "confidence_score": 0.9528948664665222,
    "ptm": 0.9717075824737549,
    "iptm": 0.9821715950965881,
    "ligand_iptm": 0.9821715950965881,
    "protein_iptm": 0.0,
    "complex_plddt": 0.9455756545066833,
    "complex_iplddt": 0.8739805817604065,
    "complex_pde": 0.35802555084228516,
    "complex_ipde": 0.6899042129516602,
    "chains_ptm": {
        "0": 0.9710454940795898,
        "1": 0.9324019551277161
    },
    "pair_chains_iptm": {
        "0": {
            "0": 0.9710454940795898,
            "1": 0.8031709790229797
        },
        "1": {
            "0": 0.9821715950965881,
            "1": 0.9324019551277161
        }
    }
}