{
    "confidence_score": 0.9510905146598816,
    "ptm": 0.972996175289154,
    "iptm": 0.9833404421806335,
    "ligand_iptm": 0.9833404421806335,
    "protein_iptm": 0.0,
    "complex_plddt": 0.9430280327796936,
    "complex_iplddt": 0.8676592111587524,
    "complex_pde": 0.34644588828086853,
    "complex_ipde": 0.6275236010551453,
    "chains_ptm": {
        "0": 0.9726366996765137,
        "1": 0.9379652142524719
    },
    "pair_chains_iptm": {
        "0": {
            "0": 0.9726366996765137,
            "1": 0.8148840665817261
        },
        "1": {
            "0": 0.9833404421806335,
            "1": 0.9379652142524719
        }
    }
}